<?xml version="1.0"?>
<schema xmlns:xsi="http://www.w3.org/2001/XMLSchema-instance" xsi:noNamespaceSchemaLocation="urn:magento:framework:Setup/Declaration/Schema/etc/schema.xsd">
	<table name="low_stock_sources" resource="default" engine="innodb" comment="low_stock_sources">
		<column xsi:type="int" name="id" nullable="false" identity="true" comment="id" />
		<column xsi:type="int" name="customer_id" nullable="true" comment="customer_id" />
		<column xsi:type="varchar" name="sku" nullable="true" length="255" comment="sku" />
		<column xsi:type="varchar" name="source_name" nullable="true" length="255" comment="source_name" />
		<column xsi:type="varchar" name="source_qty" nullable="true" length="255" comment="source_Quantity" />
		<column xsi:type="timestamp" name="created_at" nullable="false" default="CURRENT_TIMESTAMP" comment="Created At" />
		<column xsi:type="timestamp" name="updated_at" nullable="false" default="CURRENT_TIMESTAMP" comment="Updated At" />
		<constraint xsi:type="primary" referenceId="PRIMARY">
			<column name="id" />
		</constraint>
	</table>
</schema>
